{
  "metadata": {
    "schemaVersion": "1.0",
    "importType": "LEX",
    "importFormat": "JSON"
  },
  "resource": {
    "description": "choose risk tolerance",
    "name": "riskLevel",
    "version": "1",
    "enumerationValues": [
      {
        "value": "high"
      },
      {
        "value": "low"
      },
      {
        "value": "very high"
      },
      {
        "value": "none"
      },
      {
        "value": "very low"
      },
      {
        "value": "medium"
      }
    ],
    "valueSelectionStrategy": "ORIGINAL_VALUE"
  }
}